ID,name,createdAt,createdBy,modifiedAt,modifiedBy
14161,name-14161,2003-04-16T00:00:00.000Z,createdBy.axd@example.net,2004-07-02T00:00:00.000Z,modifiedBy.axd@example.org
14162,name-14162,2000-01-17T00:00:00.000Z,createdBy.axe@example.net,2022-01-09T00:00:00.000Z,modifiedBy.axe@example.com
14163,name-14163,2012-04-19T00:00:00.000Z,createdBy.axf@example.net,2004-08-24T00:00:00.000Z,modifiedBy.axf@example.org
14164,name-14164,2023-06-20T00:00:00.000Z,createdBy.axg@example.org,2013-03-25T00:00:00.000Z,modifiedBy.axg@example.org
14165,name-14165,2013-10-11T00:00:00.000Z,createdBy.axh@example.net,2012-11-20T00:00:00.000Z,modifiedBy.axh@example.org
14166,name-14166,2015-07-29T00:00:00.000Z,createdBy.axi@example.com,2003-06-09T00:00:00.000Z,modifiedBy.axi@example.net
14167,name-14167,2009-05-10T00:00:00.000Z,createdBy.axj@example.net,2012-07-17T00:00:00.000Z,modifiedBy.axj@example.com
14168,name-14168,2000-05-30T00:00:00.000Z,createdBy.axk@example.org,2012-02-28T00:00:00.000Z,modifiedBy.axk@example.net
14169,name-14169,2003-11-16T00:00:00.000Z,createdBy.axl@example.net,2000-12-15T00:00:00.000Z,modifiedBy.axl@example.net
14170,name-14170,2017-02-07T00:00:00.000Z,createdBy.axm@example.com,2004-10-12T00:00:00.000Z,modifiedBy.axm@example.net